{"cameraMode":{"drawMode":0,"name":"Shaded","section":"Shading Mode"},"sceneLighting":true,"audioPlay":false,"sceneViewState":{"m_AlwaysRefresh":false,"showFog":true,"showSkybox":true,"showFlares":true,"showImageEffects":true,"showParticleSystems":true,"showVisualEffectGraphs":true,"m_FxEnabled":true},"in2DMode":false,"pivot":{"x":-0.12605613470077516,"y":0.7799398899078369,"z":-8.262887954711914},"rotation":{"x":0.10358035564422608,"y":-0.8723399043083191,"z":0.2107044756412506,"w":0.4288347363471985},"size":1.0980384349822999,"orthographic":true}