{"cameraMode":{"drawMode":0,"name":"Shaded","section":"Shading Mode"},"sceneLighting":false,"audioPlay":false,"sceneViewState":{"m_AlwaysRefresh":false,"showFog":true,"showSkybox":true,"showFlares":true,"showImageEffects":true,"showParticleSystems":true,"showVisualEffectGraphs":true,"m_FxEnabled":false},"in2DMode":false,"pivot":{"x":-8.993546485900879,"y":1.5010677576065064,"z":-2.6585476398468019},"rotation":{"x":0.4305526614189148,"y":-0.08642636984586716,"z":0.041462793946266177,"w":0.8974673748016357},"size":2.666025161743164,"orthographic":false}