{"cameraMode":{"drawMode":0,"name":"Shaded","section":"Shading Mode"},"sceneLighting":true,"audioPlay":false,"sceneViewState":{"m_AlwaysRefresh":false,"showFog":true,"showSkybox":true,"showFlares":true,"showImageEffects":true,"showParticleSystems":true,"showVisualEffectGraphs":true,"m_FxEnabled":true},"in2DMode":false,"pivot":{"x":-10.009586334228516,"y":0.9329490661621094,"z":-3.248138904571533},"rotation":{"x":-0.21565809845924378,"y":-0.0353856235742569,"z":0.0078011974692344669,"w":-0.9758400321006775},"size":4.57148551940918,"orthographic":true}