{"cameraMode":{"drawMode":0,"name":"Shaded","section":"Shading Mode"},"sceneLighting":false,"audioPlay":false,"sceneViewState":{"m_AlwaysRefresh":false,"showFog":true,"showSkybox":true,"showFlares":true,"showImageEffects":true,"showParticleSystems":true,"showVisualEffectGraphs":true,"m_FxEnabled":false},"in2DMode":false,"pivot":{"x":-6.169504165649414,"y":0.8453537225723267,"z":-2.9132137298583986},"rotation":{"x":0.039125215262174609,"y":-0.09429602324962616,"z":0.00369625655002892,"w":0.9947904944419861},"size":1.1208555698394776,"orthographic":false}