{"cameraMode":{"drawMode":0,"name":"Shaded","section":"Shading Mode"},"sceneLighting":false,"audioPlay":false,"sceneViewState":{"m_AlwaysRefresh":false,"showFog":true,"showSkybox":true,"showFlares":true,"showImageEffects":true,"showParticleSystems":true,"showVisualEffectGraphs":true,"m_FxEnabled":true},"in2DMode":false,"pivot":{"x":-11.110062599182129,"y":-1.0255298614501954,"z":0.8263697624206543},"rotation":{"x":0.2655359208583832,"y":0.018794070929288865,"z":-0.005178377497941256,"w":0.963910698890686},"size":4.987837791442871,"orthographic":false}