{"cameraMode":{"drawMode":0,"name":"Shaded","section":"Shading Mode"},"sceneLighting":false,"audioPlay":false,"sceneViewState":{"m_AlwaysRefresh":false,"showFog":true,"showSkybox":false,"showFlares":true,"showImageEffects":true,"showParticleSystems":true,"showVisualEffectGraphs":true,"m_FxEnabled":false},"in2DMode":false,"pivot":{"x":-14.418182373046875,"y":0.27508115768432619,"z":-1.3252201080322266},"rotation":{"x":0.1926124393939972,"y":-0.7935702204704285,"z":0.31678658723831179,"w":0.48250138759613039},"size":1.4485574960708619,"orthographic":false}